<?xml version="1.0" encoding="UTF-8"?>
<beans xmlns="http://www.springframework.org/schema/beans"
	xmlns:xsi="http://www.w3.org/2001/XMLSchema-instance" 
	xmlns:context="http://www.springframework.org/schema/context"
	xmlns:mvc="http://www.springframework.org/schema/mvc"
	xsi:schemaLocation="http://www.springframework.org/schema/mvc 
	http://www.springframework.org/schema/mvc/spring-mvc-3.2.xsd
		http://www.springframework.org/schema/beans 
		http://www.springframework.org/schema/beans/spring-beans-3.2.xsd
		http://www.springframework.org/schema/context 
		http://www.springframework.org/schema/context/spring-context-3.2.xsd">

	<!-- 激活@Controller模式 -->
	<mvc:annotation-driven />
	
	<!-- 对包中的所有类进行扫描，以完成Bean创建和自动依赖注入的功能-->
	<context:component-scan base-package="com.cn.wuxiong.spring.**.controller" />

	<bean class="org.springframework.web.servlet.mvc.annotation.AnnotationMethodHandlerAdapter" />

	<bean id="viewResolver"
		class="org.springframework.web.servlet.view.InternalResourceViewResolver">
		<property name="prefix">
			<value>/WEB-INF/views/</value>
		</property>
		<property name="suffix">
			<value>.jsp</value>
		</property>
	</bean>
	
	<!-- 定义无需spring mvc拦截处理的资源文件 -->
	<mvc:resources location="/common/" mapping="/common/**" />
</beans>