<?xml version="1.0" encoding="UTF-8"?>
<beans xmlns="http://www.springframework.org/schema/beans"
	xmlns:xsi="http://www.w3.org/2001/XMLSchema-instance" xmlns:context="http://www.springframework.org/schema/context"
	xmlns:mongo="http://www.springframework.org/schema/data/mongo"
	xsi:schemaLocation="http://www.springframework.org/schema/context
          http://www.springframework.org/schema/context/spring-context-3.2.xsd
          http://www.springframework.org/schema/data/mongo
          http://www.springframework.org/schema/data/mongo/spring-mongo-1.0.xsd
          http://www.springframework.org/schema/beans
          http://www.springframework.org/schema/beans/spring-beans-3.2.xsd">

	<context:property-placeholder
		ignore-unresolvable="true" location="classpath*:/mongodb.properties" />

	<!-- Default bean name is 'mongo' -->
	<mongo:mongo id="mongo" host="${mongo.host}" port="${mongo.port}">
		<mongo:options connections-per-host="${mongo.connections-per-host}"
			threads-allowed-to-block-for-connection-multiplier="${mongo.threads-allowed-to-block-for-connection-multiplier}"
			connect-timeout="${mongo.connect-timeout}" max-wait-time="${mongo.max-wait-time}"
			auto-connect-retry="${mongo.auto-connect-retry}" socket-keep-alive="${mongo.socket-keep-alive}"
			socket-timeout="${mongo.socket-timeout}" slave-ok="${mongo.slave-ok}"
			write-number="${mongo.write-number}" write-timeout="${mongo.write-timeout}"
			write-fsync="${mongo.write-fsync}" />
	</mongo:mongo>

	<mongo:db-factory dbname="database" mongo-ref="mongo" />

	<bean id="mongoTemplate" class="org.springframework.data.mongodb.core.MongoTemplate">
		<constructor-arg ref="mongo" />
		<constructor-arg name="databaseName" value="database" />
	</bean>

	<!-- 使用annotation 自动注册bean, 并保证@Required、@Autowired的属性被注入 -->
	<context:component-scan base-package="com.cn.wuxiong.spring.mongodb">
		<context:exclude-filter type="annotation"
			expression="org.springframework.stereotype.Controller" />
	</context:component-scan>

	<!-- 映射转换器，扫描back-package目录下的文件，根据注释，把它们作为mongodb的一个collection的映射 -->
	<mongo:mapping-converter base-package="com.cn.wuxiong.spring.mongodb.**.domain" />

	<!-- mongodb bean的仓库目录，会自动扫描扩展了MongoRepository接口的接口进行注入 -->
	<mongo:repositories base-package="com.cn.wuxiong.spring.mongodb.**.dao" />

	<!-- To translate any MongoExceptions thrown in @Repository annotated classes -->
	<context:annotation-config />
</beans>
