<?xml version="1.0" encoding="UTF-8"?>
<beans xmlns="http://www.springframework.org/schema/beans"
	xmlns:xsi="http://www.w3.org/2001/XMLSchema-instance" xmlns:context="http://www.springframework.org/schema/context"
	xmlns:jdbc="http://www.springframework.org/schema/jdbc" xmlns:jee="http://www.springframework.org/schema/jee"
	xmlns:tx="http://www.springframework.org/schema/tx" xmlns:jpa="http://www.springframework.org/schema/data/jpa"
	xsi:schemaLocation="
		http://www.springframework.org/schema/beans http://www.springframework.org/schema/beans/spring-beans-3.2.xsd
		http://www.springframework.org/schema/context http://www.springframework.org/schema/context/spring-context-3.2.xsd
		http://www.springframework.org/schema/jdbc http://www.springframework.org/schema/jdbc/spring-jdbc-3.2.xsd
		http://www.springframework.org/schema/jee http://www.springframework.org/schema/jee/spring-jee-3.2.xsd
		http://www.springframework.org/schema/tx http://www.springframework.org/schema/tx/spring-tx-3.2.xsd
		http://www.springframework.org/schema/data/jpa http://www.springframework.org/schema/data/jpa/spring-jpa.xsd"
	default-lazy-init="true">

	<description>Spring公共配置 </description>
	<!-- 使用annotation 自动注册bean, 并保证@Required、@Autowired的属性被注入 -->
	<context:component-scan base-package="com.cn.wuxiong.spring">
		<context:exclude-filter type="annotation"
			expression="org.springframework.stereotype.Controller" />
	</context:component-scan>

	<!-- JPA实体管理工厂的配置 -->
	<bean id="entityManagerFactory"
		class="org.springframework.orm.jpa.LocalContainerEntityManagerFactoryBean">
		<property name="dataSource" ref="dataSource" />
		<property name="jpaVendorAdapter" ref="hibernateJpaVendorAdapter" />
		<property name="packagesToScan" value="com.cn.wuxiong.spring.**.domain" /><!--待扫描的实体类包，不再需要persistence.xml了 -->
		<property name="jpaProperties">
			<props>
				<prop key="hibernate.ejb.naming_strategy">org.hibernate.cfg.ImprovedNamingStrategy</prop>
				<prop key="hibernate.show_sql">true</prop>
				<prop key="hibernate.hbm2ddl.auto">update</prop>
			</props>
		</property>
	</bean>

	<!--指定实现JPA的适配器 -->
	<bean id="hibernateJpaVendorAdapter"
		class="org.springframework.orm.jpa.vendor.HibernateJpaVendorAdapter">
		<property name="databasePlatform" value="org.hibernate.dialect.MySQLDialect" />
	</bean>

	<!-- Jpa 事务配置 -->
	<bean id="transactionManager" class="org.springframework.orm.jpa.JpaTransactionManager">
		<property name="entityManagerFactory" ref="entityManagerFactory" />
	</bean>

<!-- 这一句很重要  加上后就可以使用public AccountInfo findByAccountId(Long accountId); 这种玩意儿
但是这种东西并不需要手动实现，Spring已经实现了，只是需要简单的定义一下就行 -->
	<jpa:repositories base-package="com.cn.wuxiong.spring.**.dao"
		entity-manager-factory-ref="entityManagerFactory"
		transaction-manager-ref="transactionManager" />

	<!-- Spring Data Jpa配置 -->
	<!-- <jpa:repositories base-package="cn.ibeans" transaction-manager-ref="transactionManager" 
		entity-manager-factory-ref="entityManagerFactory"/> -->
	<!-- 使用annotation定义事务 -->
	<tx:annotation-driven transaction-manager="transactionManager"
		proxy-target-class="true" />

	<!-- JSR303 Validator定义 -->
	<bean id="validator"
		class="org.springframework.validation.beanvalidation.LocalValidatorFactoryBean" />

	<!-- production环境 -->
	<beans profile="production">
		<context:property-placeholder
			ignore-unresolvable="true" location="classpath*:/application.properties" />

		<!-- 数据源配置, 使用Tomcat JDBC连接池 -->
		<bean id="dataSource" class="org.apache.tomcat.jdbc.pool.DataSource"
			destroy-method="close">
			<!-- <bean id="dataSource" class="com.mchange.v2.c3p0.ComboPooledDataSource" 
				destroy-method="close"> -->
			<!-- Connection Info -->
			<property name="driverClassName" value="${jdbc.driver}" />
			<property name="url" value="${jdbc.url}" />
			<property name="username" value="${jdbc.username}" />
			<property name="password" value="${jdbc.password}" />

			<!-- Connection Pooling Info -->
			<property name="maxActive" value="${jdbc.pool.maxActive}" />
			<property name="maxIdle" value="${jdbc.pool.maxIdle}" />
			<property name="defaultAutoCommit" value="false" />
			<!-- 连接Idle一个小时后超时 -->
			<property name="timeBetweenEvictionRunsMillis" value="3600000" />
			<property name="minEvictableIdleTimeMillis" value="3600000" />
		</bean>

		<!-- 数据源配置,使用应用服务器的数据库连接池 -->
		<!--<jee:jndi-lookup id="dataSource" jndi-name="java:comp/env/jdbc/ExampleDB" 
			/> -->
	</beans>

</beans>